Workbook
Name Sheet1: #REF!
Name Sheet1: #REF!
Name Sheet1: #REF!
Name Sheet1: #REF!
Name Sheet1: #REF!
Name Sheet1: #REF!
Name Sheet1: #REF!
Name Sheet1: #REF!
Name 직원계좌: #REF!
Name 직원계좌: #REF!
Name 직원계좌: #REF!
Name 직원계좌: #REF!
Name 직원계좌: #REF!
Name 직원계좌: #REF!
Name 직원계좌: #REF!
Name 직원계좌: #REF!

Sheet 겉지
A1: 어브코스 사대 급여명세서
C2: 금액 | D2: 급여대장 | E2: 확인 | F2: 비고
A3: 1 | B3: =이영숙!T19 -> 이영숙 | C3: =이영숙!T17 -> -0.3651542 | D3: 0 | E3: =C3-D3 -> -0.3651542 | F3: 선지급
A4: 2 | B4: =신향화!T19 -> 신향화 | C4: =신향화!T17 -> 0.2771754 | D4: 0 | E4: =C4-D4 -> 0.2771754 | F4: 선지급
A5: 3 | B5: =강정희!T19 -> 강정희 | C5: =강정희!T17 -> -0.3524992 | D5: 0 | E5: =C5-D5 -> -0.3524992 | F5: 선지급
A6: 4 | B6: =박미순!T19 -> 박미순 | C6: =박미순!T17 -> 0.3479338 | D6: 0 | E6: =C6-D6 -> 0.3479338 | F6: 선지급
A7: 5 | B7: =이진희!T19 -> 이진희 | C7: =이진희!T17 -> -0.197779 | D7: 0 | E7: =C7-D7 -> -0.197779 | F7: 선지급
A8: 6 | B8: =류경화!T19 -> 류경화 | C8: =류경화!T17 -> -0.2090432 | D8: 0 | E8: =C8-D8 -> -0.2090432 | F8: 선지급
A9: 7 | B9: =임연숙!T19 -> 임연숙 | C9: =임연숙!T17 -> -0.2090432 | D9: 0 | E9: =C9-D9 -> -0.2090432 | F9: 선지급
A10: 8 | B10: =선두녀!T19 -> 선두녀 | C10: =선두녀!T17 -> -0.1157174 | D10: 0 | E10: =C10-D10 -> -0.1157174 | F10: 선지급
A11: 9 | B11: =김연아!T19 -> 김연아 | C11: =김연아!T17 -> -0.236606 | D11: 0 | E11: =C11-D11 -> -0.236606 | F11: 선지급
A12: 10 | B12: =조행연!T19 -> 조행연 | C12: =조행연!T17 -> 0.0403936 | D12: 0 | E12: =C12-D12 -> 0.0403936 | F12: 선지급
A13: 11 | B13: =김성경!T19 -> 김성경 | C13: =김성경!T17 -> 2346365.6 | D13: 2346366 | E13: =C13-D13 -> -0.406136 | F13: 퇴직정산 반영
A14: 합계 | C14: =SUM(C3:C13) -> 2346364.6 | D14: =SUM(D3:D13) -> 2346366 | E14: =C14-D14 -> -1.4264754

Sheet 이영숙
B1: 어브코스
B3: 급 여 | N3: 세 액 및 공 제
B4: 기 본 급 | H4: =AI25 -> 190 | K4: =H4*10320 -> 1960800 | N4: 국민연금 | T4: 99750
B5: 잔업수당 | H5: =AI26 -> 14 | K5: =H5*10320*1.5 -> 216720 | N5: 건강보험 | T5: =H17*3.595% -> 95078.403
B6: 휴일수당 | N6: 장기요양 | T6: =T5*13.14% -> 12493.302
B7: 특근수당 | H7: =AI27 -> 24 | K7: =H7*10320*1.5 -> 371520 | N7: 고용보험 | T7: =H17*0.9% -> 23802.66
B8: 특잔수당 | K8: =H8*9860*2 -> 0 | N8: 갑근세 | T8: 43110
B9: 지각/조퇴 | H9: =AI29 -> 0 | N9: 소득세 | T9: =T8*10% -> 4311
B10: 상여금 | H10: 81700 | N10: 선지급 | T10: 2463345
B11: 간식대 | H11: 14000 | N11: 연말정산 | T11: -97150
N16: 공 제 총 액 | T16: =SUM(T4:Y12) -> 2644740.4
B17: 급 여 총 액 | H17: =SUM(K4,K5,K6,K7,K8,K9,H10,H11,H12,H13,H14,H15,H16) -> 2644740 | N17: 실 수 령 액 | T17: =H17-T16 -> -0.3651542
P19: 이름 : | T19: 이영숙
N21: 한 달 동안 수고 많으셨습니다 ^^
B23: 이름 | C23: 근무형태 | D23: 1 | E23: 2 | F23: 3 | G23: 4 | H23: 5 | I23: 6 | J23: 7 | K23: 8 | L23: 9 | M23: 10 | N23: 11 | O23: 12 | P23: 13 | Q23: 14 | R23: 15 | S23: 16 | T23: 17 | U23: 18 | V23: 19 | W23: 20 | X23: 21 | Y23: 22 | Z23: 23 | AA23: 24 | AB23: 25 | AC23: 26 | AD23: 27 | AE23: 28 | AF23: 29 | AG23: 30 | AH23: 31 | AI23: 합계
D24: 일 | E24: 월 | F24: 화 | G24: 수 | H24: 목 | I24: 금 | J24: 토 | K24: 일 | L24: 월 | M24: 화 | N24: 수 | O24: 목 | P24: 금 | Q24: 토 | R24: 일 | S24: 월 | T24: 화 | U24: 수 | V24: 목 | W24: 금 | X24: 토 | Y24: 일 | Z24: 월 | AA24: 화 | AB24: 수 | AC24: 목 | AD24: 금 | AE24: 토 | AF24: 목 | AG24: 금 | AH24: 토
B25: =T19 -> 이영숙 | C25: 근무 | D25: 8 | E25: 6 | F25: 8 | G25: 8 | H25: 8 | I25: 8 | K25: 8 | L25: 8 | M25: 8 | N25: 8 | O25: 8 | P25: 8 | R25: 8 | S25: 8 | T25: 8 | U25: 8 | V25: 8 | W25: 8 | Y25: 8 | Z25: 8 | AA25: 8 | AB25: 8 | AC25: 8 | AD25: 8 | AI25: =SUM(D25:AH25) -> 190
C26: 연장 | F26: 2 | G26: 2 | H26: 2 | L26: 2 | M26: 2 | O26: 2 | AD26: 2 | AI26: =SUM(D26:AH26) -> 14
C27: 특근 | J27: 8 | Q27: 8 | X27: 8 | AI27: =SUM(D27:AH27) -> 24
C28: 지/조 | AI28: =SUM(D28:AH28) -> 0
C29: 근태 | AI29: =SUM(D29:AH29) -> 0

Sheet 신향화
B1: 어브코스
B3: 급 여 | N3: 세 액 및 공 제
B4: 기 본 급 | H4: =AI25 -> 190 | K4: =H4*10320 -> 1960800 | N4: 국민연금 | T4: 99750
B5: 잔업수당 | H5: =AI26 -> 12 | K5: =H5*10320*1.5 -> 185760 | N5: 건강보험 | T5: =H17*3.595% -> 98345.539
B6: 휴일수당 | N6: 장기요양 | T6: =T5*13.14% -> 12922.604
B7: 특근수당 | H7: =AI27 -> 32 | K7: =H7*10320*1.5 -> 495360 | N7: 고용보험 | T7: =H17*0.9% -> 24620.58
B8: 특잔수당 | K8: =H8*9860*2 -> 0 | N8: 갑근세 | T8: 50810
B9: 지각/조퇴 | H9: =AI29 -> 0 | N9: 소득세 | T9: =T8*10% -> 5081
B10: 상여금 | H10: 81700 | N10: 선지급 | T10: 2611760
B11: 간식대 | H11: 12000 | N11: 연말정산 | T11: -167670
N16: 공 제 총 액 | T16: =SUM(T4:Y12) -> 2735619.7
B17: 급 여 총 액 | H17: =SUM(K4,K5,K6,K7,K8,K9,H10,H11,H12,H13,H14,H15,H16) -> 2735620 | N17: 실 수 령 액 | T17: =H17-T16 -> 0.2771754
P19: 이름 : | T19: 신향화
N21: 한 달 동안 수고 많으셨습니다 ^^
B23: 이름 | C23: 근무형태 | D23: 1 | E23: 2 | F23: 3 | G23: 4 | H23: 5 | I23: 6 | J23: 7 | K23: 8 | L23: 9 | M23: 10 | N23: 11 | O23: 12 | P23: 13 | Q23: 14 | R23: 15 | S23: 16 | T23: 17 | U23: 18 | V23: 19 | W23: 20 | X23: 21 | Y23: 22 | Z23: 23 | AA23: 24 | AB23: 25 | AC23: 26 | AD23: 27 | AE23: 28 | AF23: 29 | AG23: 30 | AH23: 31 | AI23: 합계
D24: 일 | E24: 월 | F24: 화 | G24: 수 | H24: 목 | I24: 금 | J24: 토 | K24: 일 | L24: 월 | M24: 화 | N24: 수 | O24: 목 | P24: 금 | Q24: 토 | R24: 일 | S24: 월 | T24: 화 | U24: 수 | V24: 목 | W24: 금 | X24: 토 | Y24: 일 | Z24: 월 | AA24: 화 | AB24: 수 | AC24: 목 | AD24: 금 | AE24: 토 | AF24: 목 | AG24: 금 | AH24: 토
B25: =T19 -> 신향화 | C25: 근무 | D25: 8 | E25: 6 | F25: 8 | G25: 8 | H25: 8 | I25: 8 | K25: 8 | L25: 8 | M25: 8 | N25: 8 | O25: 8 | P25: 8 | R25: 8 | S25: 8 | T25: 8 | U25: 8 | V25: 8 | W25: 8 | Y25: 8 | Z25: 8 | AA25: 8 | AB25: 8 | AC25: 8 | AD25: 8 | AI25: =SUM(D25:AH25) -> 190
C26: 연장 | F26: 2 | G26: 2 | H26: 2 | L26: 2 | M26: 2 | O26: 2 | AI26: =SUM(D26:AH26) -> 12
C27: 특근 | J27: 8 | Q27: 8 | X27: 8 | AE27: 8 | AI27: =SUM(D27:AH27) -> 32
C28: 지/조 | AI28: =SUM(D28:AH28) -> 0
C29: 근태 | AD29: 연차 | AI29: =SUM(D29:AH29) -> 0

Sheet 강정희
B1: 어브코스
B3: 급 여 | N3: 세 액 및 공 제
B4: 기 본 급 | H4: =AI25 -> 192 | K4: =H4*10320 -> 1981440 | N4: 국민연금 | T4: 99750
B5: 잔업수당 | H5: =AI26 -> 14 | K5: =H5*10320*1.5 -> 216720 | N5: 건강보험 | T5: =H17*3.595% -> 95851.328
B6: 휴일수당 | N6: 장기요양 | T6: =T5*13.14% -> 12594.864
B7: 특근수당 | H7: =AI27 -> 24 | K7: =H7*10320*1.5 -> 371520 | N7: 고용보험 | T7: =H17*0.9% -> 23996.16
B8: 특잔수당 | K8: =H8*9860*2 -> 0 | N8: 갑근세 | T8: 44820
B9: 지각/조퇴 | H9: =AI29 -> 0 | N9: 소득세 | T9: =T8*10% -> 4482
B10: 상여금 | H10: 82560 | N10: 선지급 | T10: 2377006
B11: 간식대 | H11: 14000 | N11: 연말정산 | T11: 7740
N16: 공 제 총 액 | T16: =SUM(T4:Y12) -> 2666240.4
B17: 급 여 총 액 | H17: =SUM(K4,K5,K6,K7,K8,K9,H10,H11,H12,H13,H14,H15,H16) -> 2666240 | N17: 실 수 령 액 | T17: =H17-T16 -> -0.3524992
P19: 이름 : | T19: 강정희
N21: 한 달 동안 수고 많으셨습니다 ^^
B23: 이름 | C23: 근무형태 | D23: 1 | E23: 2 | F23: 3 | G23: 4 | H23: 5 | I23: 6 | J23: 7 | K23: 8 | L23: 9 | M23: 10 | N23: 11 | O23: 12 | P23: 13 | Q23: 14 | R23: 15 | S23: 16 | T23: 17 | U23: 18 | V23: 19 | W23: 20 | X23: 21 | Y23: 22 | Z23: 23 | AA23: 24 | AB23: 25 | AC23: 26 | AD23: 27 | AE23: 28 | AF23: 29 | AG23: 30 | AH23: 31 | AI23: 합계
D24: 일 | E24: 월 | F24: 화 | G24: 수 | H24: 목 | I24: 금 | J24: 토 | K24: 일 | L24: 월 | M24: 화 | N24: 수 | O24: 목 | P24: 금 | Q24: 토 | R24: 일 | S24: 월 | T24: 화 | U24: 수 | V24: 목 | W24: 금 | X24: 토 | Y24: 일 | Z24: 월 | AA24: 화 | AB24: 수 | AC24: 목 | AD24: 금 | AE24: 토 | AF24: 목 | AG24: 금 | AH24: 토
B25: =T19 -> 강정희 | C25: 근무 | D25: 8 | E25: 8 | F25: 8 | G25: 8 | H25: 8 | I25: 8 | K25: 8 | L25: 8 | M25: 8 | N25: 8 | O25: 8 | P25: 8 | R25: 8 | S25: 8 | T25: 8 | U25: 8 | V25: 8 | W25: 8 | Y25: 8 | Z25: 8 | AA25: 8 | AB25: 8 | AC25: 8 | AD25: 8 | AI25: =SUM(D25:AH25) -> 192
C26: 연장 | E26: 2 | F26: 2 | G26: 2 | H26: 2 | L26: 2 | M26: 2 | O26: 2 | AI26: =SUM(D26:AH26) -> 14
C27: 특근 | J27: 8 | Q27: 8 | AE27: 8 | AI27: =SUM(D27:AH27) -> 24
C28: 지/조 | AI28: =SUM(D28:AH28) -> 0
C29: 근태 | AI29: =SUM(D29:AH29) -> 0

Sheet 박미순
B1: 어브코스
B3: 급 여 | N3: 세 액 및 공 제
B4: 기 본 급 | H4: =AI25 -> 190 | K4: =H4*10320 -> 1960800 | N4: 국민연금 | T4: 99750
B5: 잔업수당 | H5: =AI26 -> 10 | K5: =H5*10320*1.5 -> 154800 | N5: 건강보험 | T5: =H17*3.595% -> 83804.483
B6: 휴일수당 | N6: 장기요양 | T6: =T5*13.14% -> 11011.909
B7: 특근수당 | H7: =AI27 -> 8 | K7: =H7*10320*1.5 -> 123840 | N7: 고용보험 | T7: =H17*0.9% -> 20980.26
B8: 특잔수당 | K8: =H8*9860*2 -> 0 | N8: 갑근세 | T8: 30130
B9: 지각/조퇴 | H9: =AI29 -> 0 | N9: 소득세 | T9: =T8*10% -> 3013
B10: 상여금 | H10: 81700 | N10: 선지급 | T10: 2063130
B11: 간식대 | H11: 10000 | N11: 연말정산 | T11: 19320
N16: 공 제 총 액 | T16: =SUM(T4:Y12) -> 2331139.7
B17: 급 여 총 액 | H17: =SUM(K4,K5,K6,K7,K8,K9,H10,H11,H12,H13,H14,H15,H16) -> 2331140 | N17: 실 수 령 액 | T17: =H17-T16 -> 0.3479338
P19: 이름 : | T19: 박미순
N21: 한 달 동안 수고 많으셨습니다 ^^
B23: 이름 | C23: 근무형태 | D23: 1 | E23: 2 | F23: 3 | G23: 4 | H23: 5 | I23: 6 | J23: 7 | K23: 8 | L23: 9 | M23: 10 | N23: 11 | O23: 12 | P23: 13 | Q23: 14 | R23: 15 | S23: 16 | T23: 17 | U23: 18 | V23: 19 | W23: 20 | X23: 21 | Y23: 22 | Z23: 23 | AA23: 24 | AB23: 25 | AC23: 26 | AD23: 27 | AE23: 28 | AF23: 29 | AG23: 30 | AH23: 31 | AI23: 합계
D24: 일 | E24: 월 | F24: 화 | G24: 수 | H24: 목 | I24: 금 | J24: 토 | K24: 일 | L24: 월 | M24: 화 | N24: 수 | O24: 목 | P24: 금 | Q24: 토 | R24: 일 | S24: 월 | T24: 화 | U24: 수 | V24: 목 | W24: 금 | X24: 토 | Y24: 일 | Z24: 월 | AA24: 화 | AB24: 수 | AC24: 목 | AD24: 금 | AE24: 토 | AF24: 목 | AG24: 금 | AH24: 토
B25: =T19 -> 박미순 | C25: 근무 | D25: 8 | E25: 6 | F25: 8 | G25: 8 | H25: 8 | I25: 8 | K25: 8 | L25: 8 | M25: 8 | N25: 8 | O25: 8 | P25: 8 | R25: 8 | S25: 8 | T25: 8 | U25: 8 | V25: 8 | W25: 8 | Y25: 8 | Z25: 8 | AA25: 8 | AB25: 8 | AC25: 8 | AD25: 8 | AI25: =SUM(D25:AH25) -> 190
C26: 연장 | F26: 2 | H26: 2 | L26: 2 | M26: 2 | O26: 2 | AI26: =SUM(D26:AH26) -> 10
C27: 특근 | X27: 8 | AI27: =SUM(D27:AH27) -> 8
C28: 지/조 | AI28: =SUM(D28:AH28) -> 0
C29: 근태 | G29: 반차 | AI29: =SUM(D29:AH29) -> 0

Sheet 이진희
B1: 어브코스
B3: 급 여 | N3: 세 액 및 공 제
B4: 기 본 급 | H4: =AI25 -> 176 | K4: =H4*10320 -> 1816320 | N4: 국민연금 | T4: 99750
B5: 잔업수당 | H5: =AI26 -> 7.5 | K5: =H5*10320*1.5 -> 116100 | N5: 건강보험 | T5: =H17*3.595% -> 88483.735
B6: 휴일수당 | N6: 장기요양 | T6: =T5*13.14% -> 11626.763
B7: 특근수당 | H7: =AI27 -> 24 | K7: =H7*10320*1.5 -> 371520 | N7: 고용보험 | T7: =H17*0.9% -> 22151.7
B8: 특잔수당 | K8: =H8*9860*2 -> 0 | N8: 갑근세 | T8: 34300
B9: 지각/조퇴 | H9: =AI29 -> 0 | N9: 소득세 | T9: =T8*10% -> 3430
B10: 상여금 | H10: 151360 | N10: 선지급 | T10: 2136288
B11: 간식대 | H11: 6000 | N11: 연말정산 | T11: 65270
N16: 공 제 총 액 | T16: =SUM(T4:Y12) -> 2461300.2
B17: 급 여 총 액 | H17: =SUM(K4,K5,K6,K7,K8,K9,H10,H11,H12,H13,H14,H15,H16) -> 2461300 | N17: 실 수 령 액 | T17: =H17-T16 -> -0.197779
P19: 이름 : | T19: 이진희
N21: 한 달 동안 수고 많으셨습니다 ^^
B23: 이름 | C23: 근무형태 | D23: 1 | E23: 2 | F23: 3 | G23: 4 | H23: 5 | I23: 6 | J23: 7 | K23: 8 | L23: 9 | M23: 10 | N23: 11 | O23: 12 | P23: 13 | Q23: 14 | R23: 15 | S23: 16 | T23: 17 | U23: 18 | V23: 19 | W23: 20 | X23: 21 | Y23: 22 | Z23: 23 | AA23: 24 | AB23: 25 | AC23: 26 | AD23: 27 | AE23: 28 | AF23: 29 | AG23: 30 | AH23: 31 | AI23: 합계
D24: 일 | E24: 월 | F24: 화 | G24: 수 | H24: 목 | I24: 금 | J24: 토 | K24: 일 | L24: 월 | M24: 화 | N24: 수 | O24: 목 | P24: 금 | Q24: 토 | R24: 일 | S24: 월 | T24: 화 | U24: 수 | V24: 목 | W24: 금 | X24: 토 | Y24: 일 | Z24: 월 | AA24: 화 | AB24: 수 | AC24: 목 | AD24: 금 | AE24: 토 | AF24: 목 | AG24: 금 | AH24: 토
B25: =T19 -> 이진희 | C25: 근무 | D25: 8 | E25: 8 | F25: 8 | G25: 8 | H25: 8 | I25: 8 | K25: 8 | L25: 8 | N25: 8 | O25: 8 | P25: 8 | S25: 8 | T25: 8 | U25: 8 | V25: 8 | W25: 8 | Y25: 8 | Z25: 8 | AA25: 8 | AB25: 8 | AC25: 8 | AD25: 8 | AI25: =SUM(D25:AH25) -> 176
C26: 연장 | E26: 2 | N26: 0.5 | O26: 2 | V26: 1 | AD26: 2 | AI26: =SUM(D26:AH26) -> 7.5
C27: 특근 | Q27: 8 | X27: 8 | AE27: 8 | AI27: =SUM(D27:AH27) -> 24
C28: 지/조 | AI28: =SUM(D28:AH28) -> 0
C29: 근태 | G29: 연차 | H29: 연차 | I29: 연차 | L29: 연차 | M29: 결근 | AI29: =SUM(D29:AH29) -> 0

Sheet 류경화
B1: 어브코스
B3: 급 여 | N3: 세 액 및 공 제
B4: 기 본 급 | H4: =AI25 -> 192 | K4: =H4*10320 -> 1981440 | N4: 국민연금 | T4: 99750
B5: 잔업수당 | H5: =AI26 -> 16 | K5: =H5*10320*1.5 -> 247680 | N5: 건강보험 | T5: =H17*3.595% -> 101488.29
B6: 휴일수당 | N6: 장기요양 | T6: =T5*13.14% -> 13335.561
B7: 특근수당 | H7: =AI27 -> 32 | K7: =H7*10320*1.5 -> 495360 | N7: 고용보험 | T7: =H17*0.9% -> 25407.36
B8: 특잔수당 | K8: =H8*9860*2 -> 0 | N8: 갑근세 | T8: 58520
B9: 지각/조퇴 | H9: =AI29 -> 0 | N9: 소득세 | T9: =T8*10% -> 5852
B10: 상여금 | H10: 82560 | N10: 선지급 | T10: 2715767
B11: 간식대 | H11: 16000 | N11: 연말정산 | T11: -197080
N16: 공 제 총 액 | T16: =SUM(T4:Y12) -> 2823040.2
B17: 급 여 총 액 | H17: =SUM(K4,K5,K6,K7,K8,K9,H10,H11,H12,H13,H14,H15,H16) -> 2823040 | N17: 실 수 령 액 | T17: =H17-T16 -> -0.2090432
P19: 이름 : | T19: 류경화
N21: 한 달 동안 수고 많으셨습니다 ^^
B23: 이름 | C23: 근무형태 | D23: 1 | E23: 2 | F23: 3 | G23: 4 | H23: 5 | I23: 6 | J23: 7 | K23: 8 | L23: 9 | M23: 10 | N23: 11 | O23: 12 | P23: 13 | Q23: 14 | R23: 15 | S23: 16 | T23: 17 | U23: 18 | V23: 19 | W23: 20 | X23: 21 | Y23: 22 | Z23: 23 | AA23: 24 | AB23: 25 | AC23: 26 | AD23: 27 | AE23: 28 | AF23: 29 | AG23: 30 | AH23: 31 | AI23: 합계
D24: 일 | E24: 월 | F24: 화 | G24: 수 | H24: 목 | I24: 금 | J24: 토 | K24: 일 | L24: 월 | M24: 화 | N24: 수 | O24: 목 | P24: 금 | Q24: 토 | R24: 일 | S24: 월 | T24: 화 | U24: 수 | V24: 목 | W24: 금 | X24: 토 | Y24: 일 | Z24: 월 | AA24: 화 | AB24: 수 | AC24: 목 | AD24: 금 | AE24: 토 | AF24: 목 | AG24: 금 | AH24: 토
B25: =T19 -> 류경화 | C25: 근무 | D25: 8 | E25: 8 | F25: 8 | G25: 8 | H25: 8 | I25: 8 | K25: 8 | L25: 8 | M25: 8 | N25: 8 | O25: 8 | P25: 8 | R25: 8 | S25: 8 | T25: 8 | U25: 8 | V25: 8 | W25: 8 | Y25: 8 | Z25: 8 | AA25: 8 | AB25: 8 | AC25: 8 | AD25: 8 | AI25: =SUM(D25:AH25) -> 192
C26: 연장 | E26: 2 | F26: 2 | G26: 2 | H26: 2 | L26: 2 | M26: 2 | O26: 2 | AD26: 2 | AI26: =SUM(D26:AH26) -> 16
C27: 특근 | J27: 8 | Q27: 8 | X27: 8 | AE27: 8 | AI27: =SUM(D27:AH27) -> 32
C28: 지/조 | AI28: =SUM(D28:AH28) -> 0
C29: 근태 | AI29: =SUM(D29:AH29) -> 0

Sheet 임연숙
B1: 어브코스
B3: 급 여 | N3: 세 액 및 공 제
B4: 기 본 급 | H4: =AI25 -> 192 | K4: =H4*10320 -> 1981440 | N4: 국민연금 | T4: 102600
B5: 잔업수당 | H5: =AI26 -> 16 | K5: =H5*10320*1.5 -> 247680 | N5: 건강보험 | T5: =H17*3.595% -> 101488.29
B6: 휴일수당 | N6: 장기요양 | T6: =T5*13.14% -> 13335.561
B7: 특근수당 | H7: =AI27 -> 32 | K7: =H7*10320*1.5 -> 495360 | N7: 고용보험 | T7: =H17*0.9% -> 25407.36
B8: 특잔수당 | K8: =H8*9860*2 -> 0 | N8: 갑근세 | T8: 58520
B9: 지각/조퇴 | H9: =AI29 -> 0 | N9: 소득세 | T9: =T8*10% -> 5852
B10: 상여금 | H10: 82560 | N10: 선지급 | T10: 2515837
B11: 간식대 | H11: 16000 | N11: 연말정산 | T11: 0
N16: 공 제 총 액 | T16: =SUM(T4:Y12) -> 2823040.2
B17: 급 여 총 액 | H17: =SUM(K4,K5,K6,K7,K8,K9,H10,H11,H12,H13,H14,H15,H16) -> 2823040 | N17: 실 수 령 액 | T17: =H17-T16 -> -0.2090432
P19: 이름 : | T19: 임연숙
N21: 한 달 동안 수고 많으셨습니다 ^^
B23: 이름 | C23: 근무형태 | D23: 1 | E23: 2 | F23: 3 | G23: 4 | H23: 5 | I23: 6 | J23: 7 | K23: 8 | L23: 9 | M23: 10 | N23: 11 | O23: 12 | P23: 13 | Q23: 14 | R23: 15 | S23: 16 | T23: 17 | U23: 18 | V23: 19 | W23: 20 | X23: 21 | Y23: 22 | Z23: 23 | AA23: 24 | AB23: 25 | AC23: 26 | AD23: 27 | AE23: 28 | AF23: 29 | AG23: 30 | AH23: 31 | AI23: 합계
D24: 일 | E24: 월 | F24: 화 | G24: 수 | H24: 목 | I24: 금 | J24: 토 | K24: 일 | L24: 월 | M24: 화 | N24: 수 | O24: 목 | P24: 금 | Q24: 토 | R24: 일 | S24: 월 | T24: 화 | U24: 수 | V24: 목 | W24: 금 | X24: 토 | Y24: 일 | Z24: 월 | AA24: 화 | AB24: 수 | AC24: 목 | AD24: 금 | AE24: 토 | AF24: 목 | AG24: 금 | AH24: 토
B25: =T19 -> 임연숙 | C25: 근무 | D25: 8 | E25: 8 | F25: 8 | G25: 8 | H25: 8 | I25: 8 | K25: 8 | L25: 8 | M25: 8 | N25: 8 | O25: 8 | P25: 8 | R25: 8 | S25: 8 | T25: 8 | U25: 8 | V25: 8 | W25: 8 | Y25: 8 | Z25: 8 | AA25: 8 | AB25: 8 | AC25: 8 | AD25: 8 | AI25: =SUM(D25:AH25) -> 192
C26: 연장 | E26: 2 | F26: 2 | G26: 2 | H26: 2 | L26: 2 | M26: 2 | O26: 2 | AD26: 2 | AI26: =SUM(D26:AH26) -> 16
C27: 특근 | J27: 8 | Q27: 8 | X27: 8 | AE27: 8 | AI27: =SUM(D27:AH27) -> 32
C28: 지/조 | AI28: =SUM(D28:AH28) -> 0
C29: 근태 | AI29: =SUM(D29:AH29) -> 0

Sheet 선두녀
B1: 어브코스
B3: 급 여 | N3: 세 액 및 공 제
B4: 기 본 급 | H4: =AI25 -> 190 | K4: =H4*10320 -> 1960800 | N4: 국민연금 | T4: 99750
B5: 잔업수당 | H5: =AI26 -> 12 | K5: =H5*10320*1.5 -> 185760 | N5: 건강보험 | T5: =H17*3.595% -> 93893.491
B6: 휴일수당 | N6: 장기요양 | T6: =T5*13.14% -> 12337.605
B7: 특근수당 | H7: =AI27 -> 24 | K7: =H7*10320*1.5 -> 371520 | N7: 고용보험 | T7: =H17*0.9% -> 23506.02
B8: 특잔수당 | K8: =H8*9860*2 -> 0 | N8: 갑근세 | T8: 40540
B9: 지각/조퇴 | H9: =AI29 -> 0 | N9: 소득세 | T9: =T8*10% -> 4054
B10: 상여금 | H10: 81700 | N10: 선지급 | T10: 2410689
B11: 간식대 | H11: 12000 | N11: 연말정산 | T11: -72990
N16: 공 제 총 액 | T16: =SUM(T4:Y12) -> 2611780.1
B17: 급 여 총 액 | H17: =SUM(K4,K5,K6,K7,K8,K9,H10,H11,H12,H13,H14,H15,H16) -> 2611780 | N17: 실 수 령 액 | T17: =H17-T16 -> -0.1157174
P19: 이름 : | T19: 선두녀
N21: 한 달 동안 수고 많으셨습니다 ^^
B23: 이름 | C23: 근무형태 | D23: 1 | E23: 2 | F23: 3 | G23: 4 | H23: 5 | I23: 6 | J23: 7 | K23: 8 | L23: 9 | M23: 10 | N23: 11 | O23: 12 | P23: 13 | Q23: 14 | R23: 15 | S23: 16 | T23: 17 | U23: 18 | V23: 19 | W23: 20 | X23: 21 | Y23: 22 | Z23: 23 | AA23: 24 | AB23: 25 | AC23: 26 | AD23: 27 | AE23: 28 | AF23: 29 | AG23: 30 | AH23: 31 | AI23: 합계
D24: 일 | E24: 월 | F24: 화 | G24: 수 | H24: 목 | I24: 금 | J24: 토 | K24: 일 | L24: 월 | M24: 화 | N24: 수 | O24: 목 | P24: 금 | Q24: 토 | R24: 일 | S24: 월 | T24: 화 | U24: 수 | V24: 목 | W24: 금 | X24: 토 | Y24: 일 | Z24: 월 | AA24: 화 | AB24: 수 | AC24: 목 | AD24: 금 | AE24: 토 | AF24: 목 | AG24: 금 | AH24: 토
B25: =T19 -> 선두녀 | C25: 근무 | D25: 8 | E25: 6 | F25: 8 | G25: 8 | H25: 8 | I25: 8 | K25: 8 | L25: 8 | M25: 8 | N25: 8 | O25: 8 | P25: 8 | R25: 8 | S25: 8 | T25: 8 | U25: 8 | V25: 8 | W25: 8 | Y25: 8 | Z25: 8 | AA25: 8 | AB25: 8 | AC25: 8 | AD25: 8 | AI25: =SUM(D25:AH25) -> 190
C26: 연장 | F26: 2 | G26: 2 | H26: 2 | L26: 2 | M26: 2 | O26: 2 | AI26: =SUM(D26:AH26) -> 12
C27: 특근 | J27: 8 | Q27: 8 | X27: 8 | AI27: =SUM(D27:AH27) -> 24
C28: 지/조 | AI28: =SUM(D28:AH28) -> 0
C29: 근태 | AI29: =SUM(D29:AH29) -> 0

Sheet 김연아
B1: 어브코스
B3: 급 여 | N3: 세 액 및 공 제
B4: 기 본 급 | H4: =AI25 -> 188 | K4: =H4*10320 -> 1940160 | N4: 국민연금 | T4: 102600
B5: 잔업수당 | H5: =AI26 -> 8 | K5: =H5*10320*1.5 -> 123840 | N5: 건강보험 | T5: =H17*3.595% -> 95202.79
B6: 휴일수당 | N6: 장기요양 | T6: =T5*13.14% -> 12509.647
B7: 특근수당 | H7: =AI27 -> 32 | K7: =H7*10320*1.5 -> 495360 | N7: 고용보험 | T7: =H17*0.9% -> 23833.8
B8: 특잔수당 | K8: =H8*9860*2 -> 0 | N8: 갑근세 | T8: 43110
B9: 지각/조퇴 | H9: =AI29 -> 0 | N9: 소득세 | T9: =T8*10% -> 4311
B10: 상여금 | H10: 80840 | N10: 선지급 | T10: 2366633
B11: 간식대 | H11: 8000 | N11: 연말정산 | T11: 0
N16: 공 제 총 액 | T16: =SUM(T4:Y12) -> 2648200.2
B17: 급 여 총 액 | H17: =SUM(K4,K5,K6,K7,K8,K9,H10,H11,H12,H13,H14,H15,H16) -> 2648200 | N17: 실 수 령 액 | T17: =H17-T16 -> -0.236606
P19: 이름 : | T19: 김연아
N21: 한 달 동안 수고 많으셨습니다 ^^
B23: 이름 | C23: 근무형태 | D23: 1 | E23: 2 | F23: 3 | G23: 4 | H23: 5 | I23: 6 | J23: 7 | K23: 8 | L23: 9 | M23: 10 | N23: 11 | O23: 12 | P23: 13 | Q23: 14 | R23: 15 | S23: 16 | T23: 17 | U23: 18 | V23: 19 | W23: 20 | X23: 21 | Y23: 22 | Z23: 23 | AA23: 24 | AB23: 25 | AC23: 26 | AD23: 27 | AE23: 28 | AF23: 29 | AG23: 30 | AH23: 31 | AI23: 합계
D24: 일 | E24: 월 | F24: 화 | G24: 수 | H24: 목 | I24: 금 | J24: 토 | K24: 일 | L24: 월 | M24: 화 | N24: 수 | O24: 목 | P24: 금 | Q24: 토 | R24: 일 | S24: 월 | T24: 화 | U24: 수 | V24: 목 | W24: 금 | X24: 토 | Y24: 일 | Z24: 월 | AA24: 화 | AB24: 수 | AC24: 목 | AD24: 금 | AE24: 토 | AF24: 목 | AG24: 금 | AH24: 토
B25: =T19 -> 김연아 | C25: 근무 | D25: 8 | E25: 6 | F25: 8 | G25: 8 | H25: 8 | I25: 8 | K25: 8 | L25: 8 | M25: 8 | N25: 8 | O25: 8 | P25: 8 | R25: 8 | S25: 8 | T25: 8 | U25: 8 | V25: 8 | W25: 8 | Y25: 8 | Z25: 8 | AA25: 8 | AB25: 8 | AC25: 8 | AD25: 6 | AI25: =SUM(D25:AH25) -> 188
C26: 연장 | F26: 2 | G26: 2 | L26: 2 | M26: 2 | AI26: =SUM(D26:AH26) -> 8
C27: 특근 | J27: 8 | Q27: 8 | X27: 8 | AE27: 8 | AI27: =SUM(D27:AH27) -> 32
C28: 지/조 | AI28: =SUM(D28:AH28) -> 0
C29: 근태 | AI29: =SUM(D29:AH29) -> 0

Sheet 조행연
B1: 어브코스
B3: 급 여 | N3: 세 액 및 공 제
B4: 기 본 급 | H4: =AI25 -> 192 | K4: =H4*10320 -> 1981440 | N4: 국민연금 | T4: 99750
B5: 잔업수당 | H5: =AI26 -> 14 | K5: =H5*10320*1.5 -> 216720 | N5: 건강보험 | T5: =H17*3.595% -> 100303.38
B6: 휴일수당 | N6: 장기요양 | T6: =T5*13.14% -> 13179.864
B7: 특근수당 | H7: =AI27 -> 32 | K7: =H7*10320*1.5 -> 495360 | N7: 고용보험 | T7: =H17*0.9% -> 25110.72
B8: 특잔수당 | K8: =H8*9860*2 -> 0 | N8: 갑근세 | T8: 55950
B9: 지각/조퇴 | H9: =AI29 -> 0 | N9: 소득세 | T9: =T8*10% -> 5595
B10: 상여금 | H10: 82560 | N10: 선지급 | T10: 2563231
B11: 간식대 | H11: 14000 | N11: 연말정산 | T11: -73040
N16: 공 제 총 액 | T16: =SUM(T4:Y12) -> 2790080
B17: 급 여 총 액 | H17: =SUM(K4,K5,K6,K7,K8,K9,H10,H11,H12,H13,H14,H15,H16) -> 2790080 | N17: 실 수 령 액 | T17: =H17-T16 -> 0.0403936
P19: 이름 : | T19: 조행연
N21: 한 달 동안 수고 많으셨습니다 ^^
B23: 이름 | C23: 근무형태 | D23: 1 | E23: 2 | F23: 3 | G23: 4 | H23: 5 | I23: 6 | J23: 7 | K23: 8 | L23: 9 | M23: 10 | N23: 11 | O23: 12 | P23: 13 | Q23: 14 | R23: 15 | S23: 16 | T23: 17 | U23: 18 | V23: 19 | W23: 20 | X23: 21 | Y23: 22 | Z23: 23 | AA23: 24 | AB23: 25 | AC23: 26 | AD23: 27 | AE23: 28 | AF23: 29 | AG23: 30 | AH23: 31 | AI23: 합계
D24: 일 | E24: 월 | F24: 화 | G24: 수 | H24: 목 | I24: 금 | J24: 토 | K24: 일 | L24: 월 | M24: 화 | N24: 수 | O24: 목 | P24: 금 | Q24: 토 | R24: 일 | S24: 월 | T24: 화 | U24: 수 | V24: 목 | W24: 금 | X24: 토 | Y24: 일 | Z24: 월 | AA24: 화 | AB24: 수 | AC24: 목 | AD24: 금 | AE24: 토 | AF24: 목 | AG24: 금 | AH24: 토
B25: =T19 -> 조행연 | C25: 근무 | D25: 8 | E25: 8 | F25: 8 | G25: 8 | H25: 8 | I25: 8 | K25: 8 | L25: 8 | M25: 8 | N25: 8 | O25: 8 | P25: 8 | R25: 8 | S25: 8 | T25: 8 | U25: 8 | V25: 8 | W25: 8 | Y25: 8 | Z25: 8 | AA25: 8 | AB25: 8 | AC25: 8 | AD25: 8 | AI25: =SUM(D25:AH25) -> 192
C26: 연장 | E26: 2 | G26: 2 | H26: 2 | L26: 2 | M26: 2 | O26: 2 | AD26: 2 | AI26: =SUM(D26:AH26) -> 14
C27: 특근 | J27: 8 | Q27: 8 | X27: 8 | AE27: 8 | AI27: =SUM(D27:AH27) -> 32
C28: 지/조 | AI28: =SUM(D28:AH28) -> 0
C29: 근태 | AI29: =SUM(D29:AH29) -> 0

Sheet 김성경
B1: 어브코스
B3: 급 여 | N3: 세 액 및 공 제
B4: 기 본 급 | H4: =AI25 -> 190 | K4: =H4*10320 -> 1960800 | N4: 국민연금 | T4: 99750
B5: 잔업수당 | H5: =AI26 -> 14 | K5: =H5*10320*1.5 -> 216720 | N5: 건강보험 | T5: =H17*3.595% -> 87689.24
B6: 휴일수당 | N6: 장기요양 | T6: =T5*13.14% -> 11522.366
B7: 특근수당 | H7: =AI27 -> 16 | K7: =H7*10320*1.5 -> 247680 | N7: 고용보험 | T7: =H17*0.9% -> 21952.8
B8: 특잔수당 | H8: =AI28 -> 0 | K8: =H8*10320*0.5 -> 0 | N8: 갑근세 | T8: -51670
B9: 지각/조퇴 | H9: =AI29 -> 0 | N9: 소득세 | T9: -5160
B10: 상여금 | N10: 선지급
B11: 간식대 | H11: 14000 | N11: 연말정산 | T11: -71250
N16: 공 제 총 액 | T16: =SUM(T4:Y12) -> 92834.406
B17: 급 여 총 액 | H17: =SUM(K4,K5,K6,K7,K8,K9,H10,H11,H12,H13,H14,H15,H16) -> 2439200 | N17: 실 수 령 액 | T17: =H17-T16 -> 2346365.6
P19: 이름 : | T19: 김성경
N21: 한 달 동안 수고 많으셨습니다 ^^
B23: 이름 | C23: 근무형태 | D23: 1 | E23: 2 | F23: 3 | G23: 4 | H23: 5 | I23: 6 | J23: 7 | K23: 8 | L23: 9 | M23: 10 | N23: 11 | O23: 12 | P23: 13 | Q23: 14 | R23: 15 | S23: 16 | T23: 17 | U23: 18 | V23: 19 | W23: 20 | X23: 21 | Y23: 22 | Z23: 23 | AA23: 24 | AB23: 25 | AC23: 26 | AD23: 27 | AE23: 28 | AF23: 29 | AG23: 30 | AH23: 31 | AI23: 합계
D24: 일 | E24: 월 | F24: 화 | G24: 수 | H24: 목 | I24: 금 | J24: 토 | K24: 일 | L24: 월 | M24: 화 | N24: 수 | O24: 목 | P24: 금 | Q24: 토 | R24: 일 | S24: 월 | T24: 화 | U24: 수 | V24: 목 | W24: 금 | X24: 토 | Y24: 일 | Z24: 월 | AA24: 화 | AB24: 수 | AC24: 목 | AD24: 금 | AE24: 토 | AF24: 목 | AG24: 금 | AH24: 토
B25: =T19 -> 김성경 | C25: 근무 | D25: 8 | E25: 6 | F25: 8 | G25: 8 | H25: 8 | I25: 8 | K25: 8 | L25: 8 | M25: 8 | N25: 8 | O25: 8 | P25: 8 | R25: 8 | S25: 8 | T25: 8 | U25: 8 | V25: 8 | W25: 8 | Y25: 8 | Z25: 8 | AA25: 8 | AB25: 8 | AC25: 8 | AD25: 8 | AI25: =SUM(D25:AH25) -> 190
C26: 연장 | F26: 2 | G26: 2 | H26: 2 | L26: 2 | M26: 2 | O26: 2 | AD26: 2 | AI26: =SUM(D26:AH26) -> 14
C27: 특근 | J27: 8 | Q27: 8 | AI27: =SUM(D27:AH27) -> 16
C28: 지/조 | AI28: =SUM(D28:AH28) -> 0
C29: 근태 | V29: 연차 | W29: 연차 | AI29: =SUM(D29:AH29) -> 0
